Age,TypeofContact,CityTier,DurationOfPitch,Occupation,Gender,NumberOfPersonVisiting,NumberOfFollowups,ProductPitched,PreferredPropertyStar,MaritalStatus,NumberOfTrips,Passport,PitchSatisfactionScore,OwnCar,NumberOfChildrenVisiting,Designation,MonthlyIncome
33.0,0,3,15.0,3,0,3,4.0,3,3.0,3,3.0,0,4,1,2.0,3,27676.0
42.0,0,3,7.0,3,1,4,4.0,1,5.0,1,2.0,0,3,0,2.0,2,22781.0
59.0,0,2,8.0,2,1,2,4.0,2,3.0,0,1.0,0,2,1,1.0,4,32126.0
26.0,1,3,11.0,3,2,3,5.0,1,5.0,1,3.0,0,3,1,2.0,2,22934.0
51.0,0,3,7.0,2,2,4,4.0,1,3.0,1,2.0,0,3,1,2.0,2,25406.0
47.0,0,3,15.0,2,2,2,5.0,4,3.0,1,1.0,0,5,1,1.0,0,27936.0
39.0,0,3,27.0,2,1,2,5.0,1,3.0,1,7.0,0,5,0,0.0,2,20736.0
31.0,0,1,26.0,2,2,3,3.0,3,3.0,0,4.0,0,3,1,0.0,3,24824.0
58.0,0,1,6.0,2,2,2,5.0,1,3.0,1,3.0,1,2,1,1.0,2,20660.0
43.0,1,3,10.0,3,0,2,4.0,3,3.0,3,4.0,0,3,1,0.0,3,25231.0
49.0,1,1,7.0,2,2,4,5.0,3,3.0,3,2.0,1,5,0,3.0,3,24059.0
28.0,0,3,27.0,2,0,3,4.0,1,3.0,2,3.0,0,2,1,2.0,2,28659.0
30.0,1,3,10.0,3,1,3,4.0,1,4.0,1,2.0,1,3,1,1.0,2,20209.0
26.0,0,1,12.0,2,2,3,1.0,0,3.0,1,1.0,0,4,1,1.0,1,17544.0
37.0,0,1,17.0,2,2,2,3.0,3,3.0,1,2.0,1,3,0,1.0,3,27185.0
38.0,0,2,6.0,2,2,2,3.0,0,4.0,1,1.0,1,1,1,1.0,1,17991.0
34.0,0,1,22.0,2,1,3,4.0,0,3.0,2,2.0,0,5,1,1.0,1,17553.0
47.0,1,1,8.0,2,1,2,3.0,4,3.0,0,2.0,1,4,1,0.0,0,31752.0
44.0,0,1,11.0,2,2,2,4.0,0,3.0,2,4.0,0,1,0,1.0,1,18162.0
39.0,1,1,13.0,2,1,3,5.0,0,3.0,1,3.0,0,3,0,2.0,1,22380.0
31.0,1,3,11.0,2,1,3,3.0,1,3.0,1,2.0,0,1,0,2.0,2,20476.0
31.0,0,3,26.0,2,2,3,1.0,0,3.0,1,1.0,0,5,1,0.0,1,17791.0
32.0,1,1,16.0,2,2,3,4.0,3,4.0,1,3.0,0,3,1,2.0,3,29326.0
39.0,0,1,19.0,2,2,2,5.0,1,5.0,1,4.0,0,5,1,1.0,2,24966.0
45.0,1,1,6.0,3,1,3,3.0,0,3.0,1,4.0,0,5,1,0.0,1,17270.0
40.0,1,3,12.0,1,2,3,4.0,1,3.0,0,5.0,0,2,0,2.0,2,20764.0
40.0,1,1,26.0,1,2,3,3.0,3,3.0,0,5.0,0,3,1,1.0,3,25322.0
38.0,1,3,7.0,2,2,3,5.0,3,3.0,1,7.0,0,1,1,2.0,3,29287.0
39.0,1,1,12.0,3,2,3,3.0,0,5.0,0,1.0,1,2,1,1.0,1,17404.0
44.0,1,2,6.0,3,2,3,4.0,3,5.0,1,1.0,0,4,1,0.0,3,25482.0
28.0,0,1,8.0,3,2,2,4.0,0,5.0,2,1.0,0,4,0,0.0,1,17561.0
52.0,1,1,18.0,1,1,3,5.0,4,4.0,2,5.0,0,1,0,2.0,0,31820.0
57.0,1,1,14.0,2,2,3,6.0,3,3.0,3,6.0,0,2,0,1.0,3,25938.0
52.0,1,3,11.0,2,2,3,3.0,3,4.0,3,1.0,1,4,1,1.0,3,23446.0
38.0,1,1,17.0,2,2,3,4.0,1,4.0,3,4.0,1,5,0,2.0,2,22875.0
37.0,1,1,10.0,2,1,3,4.0,0,3.0,1,7.0,0,2,1,1.0,1,21513.0
33.0,1,1,15.0,3,2,2,3.0,0,3.0,0,1.0,0,2,1,0.0,1,17781.0
45.0,1,1,8.0,2,1,3,4.0,0,3.0,2,2.0,0,3,1,0.0,1,17274.0
32.0,1,1,19.0,3,1,4,4.0,0,3.0,1,2.0,1,4,1,2.0,1,22607.0
33.0,1,1,8.0,2,1,2,3.0,0,5.0,0,1.0,0,3,1,0.0,1,17707.0
30.0,1,1,14.0,2,1,3,1.0,3,5.0,0,1.0,1,2,0,2.0,3,26416.0
33.0,0,1,14.0,2,2,4,3.0,0,4.0,0,3.0,0,2,0,2.0,1,21472.0
37.0,0,3,18.0,1,1,4,4.0,3,3.0,1,2.0,0,5,0,3.0,3,28416.0
31.0,1,1,29.0,2,1,3,4.0,0,3.0,1,6.0,1,1,0,1.0,1,20810.0
58.0,0,1,6.0,2,2,2,5.0,1,3.0,1,3.0,1,1,1,1.0,2,20660.0
46.0,1,1,9.0,2,1,4,5.0,0,3.0,2,3.0,0,3,1,1.0,1,20952.0
44.0,1,1,14.0,2,1,3,4.0,3,5.0,0,2.0,0,5,1,1.0,3,28663.0
42.0,1,2,16.0,2,1,2,3.0,4,5.0,0,1.0,0,3,0,1.0,0,31799.0
43.0,0,1,13.0,3,2,2,1.0,0,3.0,1,5.0,0,4,1,0.0,1,17089.0
38.0,0,1,18.0,2,2,3,4.0,3,3.0,1,3.0,1,3,1,2.0,3,30863.0
28.0,1,1,11.0,2,2,4,4.0,0,3.0,1,3.0,0,4,1,2.0,1,21195.0
37.0,1,3,23.0,3,1,4,5.0,1,5.0,0,6.0,0,5,1,1.0,2,24325.0
34.0,0,1,36.0,3,1,3,5.0,1,3.0,3,3.0,0,5,1,1.0,2,23186.0
35.0,1,1,17.0,3,2,3,4.0,1,5.0,3,3.0,0,4,0,1.0,2,24803.0
52.0,1,1,6.0,2,2,3,3.0,4,3.0,1,3.0,0,1,1,2.0,0,32099.0
35.0,1,1,14.0,2,1,3,4.0,3,4.0,2,2.0,0,5,0,1.0,3,30672.0
57.0,1,1,30.0,2,2,2,2.0,3,3.0,1,4.0,1,4,1,1.0,3,24439.0
37.0,1,3,10.0,3,1,4,5.0,3,3.0,1,2.0,0,3,1,1.0,3,26322.0
46.0,1,1,14.0,2,2,3,4.0,3,5.0,1,4.0,0,3,1,2.0,3,28402.0
36.0,1,1,12.0,2,2,2,3.0,0,3.0,0,1.0,0,5,1,1.0,1,18210.0
50.0,1,1,30.0,2,2,3,3.0,4,3.0,1,4.0,1,4,1,2.0,0,28973.0
34.0,1,3,15.0,2,1,3,3.0,1,3.0,0,2.0,0,2,1,2.0,2,20714.0
52.0,1,3,34.0,2,2,3,4.0,1,3.0,2,3.0,1,5,1,2.0,2,32126.0
32.0,1,3,9.0,2,2,4,4.0,1,3.0,3,6.0,1,5,1,2.0,2,25260.0
34.0,0,3,14.0,2,1,2,4.0,1,4.0,0,2.0,0,4,1,1.0,2,22980.0
41.0,1,3,7.0,3,2,3,6.0,1,3.0,0,4.0,1,3,1,1.0,2,26135.0
42.0,1,1,6.0,2,1,3,3.0,0,5.0,1,4.0,0,3,1,1.0,1,17576.0
28.0,1,1,15.0,3,1,3,3.0,0,3.0,1,6.0,0,3,1,1.0,1,17377.0
48.0,0,1,6.0,3,2,2,1.0,4,3.0,2,3.0,0,1,0,0.0,0,31885.0
53.0,1,3,6.0,3,1,2,3.0,1,5.0,3,1.0,0,2,1,1.0,2,23381.0
34.0,0,1,10.0,2,1,3,4.0,0,3.0,1,3.0,1,1,1,2.0,1,21587.0
32.0,1,1,11.0,2,1,3,4.0,1,4.0,1,4.0,0,3,1,0.0,2,20878.0
32.0,1,3,13.0,2,2,3,4.0,1,3.0,1,2.0,0,3,1,0.0,2,20484.0
29.0,1,1,16.0,3,1,4,4.0,0,3.0,1,7.0,0,3,1,2.0,1,21055.0
36.0,1,3,23.0,3,2,4,4.0,3,4.0,1,2.0,0,1,1,2.0,3,26698.0
33.0,1,1,8.0,3,2,3,3.0,0,3.0,2,5.0,0,3,1,2.0,1,17496.0
39.0,1,1,16.0,3,2,3,3.0,4,5.0,1,2.0,1,3,1,2.0,0,32068.0
35.0,1,1,13.0,3,2,3,4.0,0,5.0,3,4.0,0,4,0,1.0,1,21638.0
51.0,0,1,14.0,2,2,2,5.0,3,3.0,3,3.0,0,2,0,1.0,3,25650.0
46.0,1,3,16.0,3,1,3,4.0,3,3.0,1,3.0,1,1,0,0.0,3,24071.0
30.0,1,2,6.0,2,2,2,3.0,0,3.0,1,1.0,0,1,0,1.0,1,17064.0
52.0,1,1,13.0,2,2,2,3.0,3,4.0,3,1.0,0,3,1,1.0,3,25445.0
31.0,1,3,12.0,3,2,3,2.0,1,3.0,1,5.0,0,5,1,2.0,2,20460.0
29.0,1,1,21.0,2,1,3,5.0,0,3.0,0,1.0,1,5,1,0.0,1,17168.0
55.0,1,1,8.0,2,1,3,3.0,4,3.0,2,3.0,1,5,0,1.0,0,31659.0
55.0,1,1,24.0,1,1,3,4.0,3,3.0,1,2.0,0,5,0,1.0,3,29417.0
55.0,0,1,8.0,3,2,2,4.0,4,5.0,2,1.0,0,3,1,1.0,0,31756.0
21.0,1,1,21.0,2,2,3,3.0,0,3.0,2,2.0,0,3,1,1.0,1,16232.0
37.0,0,1,25.0,2,2,4,4.0,1,3.0,3,4.0,0,3,0,2.0,2,26457.0
43.0,1,1,8.0,3,1,3,1.0,0,3.0,1,2.0,0,1,1,2.0,1,17645.0
30.0,1,1,28.0,2,1,3,2.0,3,5.0,1,3.0,0,5,1,2.0,3,28658.0
37.0,1,1,9.0,3,2,4,4.0,0,3.0,2,6.0,0,5,1,2.0,1,21197.0
40.0,0,1,6.0,2,2,3,4.0,4,4.0,1,2.0,0,1,1,1.0,0,28503.0
29.0,1,1,15.0,2,1,4,4.0,0,3.0,3,3.0,0,4,1,2.0,1,21988.0
27.0,1,1,23.0,2,1,2,3.0,0,3.0,2,2.0,1,5,1,0.0,1,17394.0
36.0,0,1,15.0,2,1,3,4.0,1,3.0,1,3.0,0,5,1,2.0,2,22826.0
46.0,0,1,11.0,2,2,3,4.0,1,4.0,0,3.0,0,4,1,2.0,2,23125.0
30.0,1,1,35.0,3,1,4,5.0,0,5.0,3,3.0,0,1,0,2.0,1,22463.0
29.0,1,3,6.0,3,1,2,4.0,0,3.0,1,7.0,1,2,0,1.0,1,17800.0
29.0,1,1,6.0,2,1,2,4.0,0,5.0,1,2.0,1,1,0,0.0,1,17319.0
46.0,1,1,21.0,2,2,2,3.0,2,4.0,1,6.0,0,3,1,1.0,4,32126.0
23.0,1,1,10.0,2,1,3,4.0,1,3.0,0,2.0,1,5,1,2.0,2,22849.0
38.0,1,1,17.0,2,2,3,4.0,1,4.0,3,4.0,1,5,0,2.0,2,22875.0
48.0,1,3,8.0,3,2,2,1.0,1,4.0,1,4.0,0,3,0,1.0,2,23120.0
55.0,0,1,24.0,3,2,3,3.0,1,4.0,0,4.0,1,5,1,2.0,2,21385.0
56.0,0,1,15.0,3,1,3,3.0,0,3.0,1,3.0,0,1,1,0.0,1,17942.0
41.0,1,3,11.0,3,2,4,5.0,3,3.0,1,2.0,0,1,1,2.0,3,29533.0
32.0,1,3,27.0,2,1,4,6.0,1,3.0,1,5.0,1,3,0,3.0,2,23237.0
38.0,1,1,6.0,1,1,3,3.0,3,5.0,0,2.0,0,4,1,2.0,3,28582.0
35.0,1,1,9.0,2,2,4,5.0,0,3.0,1,5.0,0,5,1,1.0,1,21446.0
39.0,1,3,21.0,2,2,4,4.0,1,4.0,1,2.0,0,5,1,3.0,2,28602.0
18.0,0,1,14.0,3,2,3,3.0,0,3.0,2,2.0,0,5,1,0.0,1,16904.0
32.0,0,1,13.0,2,2,3,1.0,0,4.0,1,2.0,0,1,0,1.0,1,17794.0
56.0,1,3,9.0,3,2,3,4.0,1,3.0,3,6.0,0,1,1,1.0,2,23838.0
38.0,1,1,10.0,2,2,3,4.0,3,3.0,1,3.0,0,1,1,1.0,3,28112.0
22.0,0,3,25.0,3,1,4,4.0,1,3.0,1,2.0,1,5,0,2.0,2,21303.0
33.0,0,1,11.0,2,1,3,3.0,3,4.0,1,7.0,0,3,1,1.0,3,26878.0
48.0,1,1,6.0,2,2,3,4.0,3,3.0,2,1.0,1,5,0,2.0,3,20381.0
32.0,1,1,11.0,2,2,2,4.0,1,3.0,3,1.0,0,1,0,1.0,2,24679.0
40.0,1,3,31.0,3,2,2,4.0,3,4.0,3,3.0,1,5,0,1.0,3,24094.0
60.0,1,3,10.0,2,0,3,5.0,1,3.0,3,7.0,0,3,0,1.0,2,23849.0
51.0,1,1,13.0,3,2,2,4.0,1,3.0,1,3.0,0,3,1,1.0,2,21132.0
26.0,1,1,12.0,2,1,2,4.0,0,4.0,1,2.0,0,3,1,1.0,1,17368.0
37.0,1,1,6.0,1,1,2,3.0,3,3.0,3,5.0,0,5,1,1.0,3,22491.0
47.0,1,1,8.0,3,1,3,3.0,1,3.0,1,6.0,0,1,0,0.0,2,20070.0
42.0,1,1,19.0,3,2,3,1.0,1,5.0,1,6.0,0,4,1,0.0,2,20538.0
42.0,0,1,32.0,3,1,2,3.0,3,5.0,1,4.0,1,3,0,0.0,3,28191.0
50.0,1,1,14.0,2,2,3,5.0,3,3.0,2,2.0,0,2,1,2.0,3,29643.0
33.0,1,1,6.0,2,1,2,4.0,1,3.0,3,1.0,0,4,0,0.0,2,21949.0
36.0,1,3,17.0,3,2,3,5.0,3,5.0,1,2.0,0,5,1,2.0,3,28984.0
37.0,1,1,6.0,2,1,3,3.0,1,4.0,1,7.0,0,1,1,2.0,2,21447.0
36.0,1,1,14.0,1,1,2,3.0,3,3.0,1,2.0,0,4,1,0.0,3,25096.0
32.0,0,1,16.0,3,2,3,5.0,0,5.0,2,2.0,1,3,0,2.0,1,20999.0
46.0,0,1,30.0,2,2,3,4.0,1,5.0,0,3.0,1,2,1,1.0,2,22311.0
35.0,1,3,21.0,3,2,2,5.0,1,3.0,1,7.0,1,1,1,1.0,2,20440.0
51.0,0,1,12.0,3,1,2,4.0,0,3.0,2,1.0,0,5,1,1.0,1,17838.0
26.0,0,1,9.0,1,2,3,3.0,0,5.0,2,1.0,0,3,0,2.0,1,18102.0
34.0,0,3,12.0,3,1,2,5.0,0,3.0,1,1.0,0,4,0,1.0,1,17351.0
54.0,1,1,31.0,3,2,3,2.0,3,3.0,1,5.0,0,3,0,2.0,3,25683.0
36.0,1,1,29.0,2,2,3,6.0,0,3.0,3,2.0,0,4,1,1.0,1,22908.0
30.0,0,1,7.0,2,2,4,6.0,0,3.0,1,3.0,0,2,1,1.0,1,21398.0
29.0,0,1,7.0,3,2,3,5.0,0,4.0,1,3.0,0,4,1,1.0,1,21274.0
30.0,1,1,35.0,2,1,4,4.0,0,3.0,1,6.0,0,5,1,1.0,1,21192.0
48.0,0,1,28.0,3,1,2,3.0,4,3.0,1,4.0,0,5,0,0.0,0,32126.0
42.0,1,1,35.0,2,1,3,5.0,4,4.0,1,2.0,0,5,1,2.0,0,32126.0
48.0,1,3,11.0,2,1,3,4.0,1,3.0,3,3.0,1,3,1,2.0,2,22841.0
36.0,0,1,12.0,2,2,3,1.0,1,5.0,1,4.0,1,4,1,1.0,2,20562.0
31.0,1,1,18.0,3,1,2,3.0,1,3.0,0,1.0,1,4,0,1.0,2,20855.0
34.0,1,1,9.0,3,2,4,4.0,0,3.0,2,6.0,0,3,0,3.0,1,21174.0
26.0,1,1,31.0,2,2,2,5.0,0,3.0,2,2.0,0,2,1,1.0,1,17293.0
36.0,1,2,15.0,1,1,2,3.0,0,3.0,1,2.0,0,1,1,0.0,1,20410.0
42.0,1,1,10.0,1,2,2,3.0,2,3.0,1,2.0,0,1,0,0.0,4,32126.0
36.0,1,2,15.0,1,2,4,4.0,0,3.0,3,3.0,0,5,0,2.0,1,23001.0
35.0,1,3,21.0,1,1,3,4.0,0,3.0,1,3.0,1,5,1,2.0,1,21257.0
31.0,1,1,8.0,3,1,2,5.0,0,3.0,1,2.0,1,5,1,0.0,1,16129.0
32.0,1,1,9.0,2,2,3,4.0,0,3.0,1,2.0,1,4,1,2.0,1,21373.0
26.0,1,1,12.0,2,1,3,3.0,0,3.0,0,2.0,1,2,0,0.0,1,17659.0
42.0,0,1,8.0,2,2,2,3.0,4,3.0,0,1.0,1,4,0,1.0,0,32126.0
52.0,1,3,28.0,3,2,4,4.0,1,3.0,3,2.0,1,5,0,3.0,2,24119.0
55.0,0,1,7.0,2,1,3,4.0,3,3.0,1,2.0,0,5,1,2.0,3,29180.0
41.0,0,3,9.0,3,2,4,4.0,1,4.0,1,7.0,0,4,1,2.0,2,23005.0
38.0,1,3,8.0,3,2,2,3.0,3,4.0,3,1.0,0,4,1,1.0,3,22351.0
28.0,1,1,6.0,2,2,2,3.0,0,3.0,1,2.0,0,1,0,0.0,1,17044.0
36.0,1,1,14.0,1,1,2,3.0,3,3.0,1,2.0,0,4,1,1.0,3,25096.0
30.0,1,1,11.0,1,1,2,3.0,0,5.0,1,6.0,0,5,0,1.0,1,18204.0
47.0,1,1,7.0,3,2,4,4.0,3,5.0,1,2.0,0,1,0,3.0,3,28074.0
54.0,1,3,8.0,2,1,2,4.0,3,3.0,0,7.0,0,5,1,0.0,3,25686.0
60.0,1,1,10.0,2,2,4,5.0,0,3.0,1,5.0,0,3,0,1.0,1,20855.0
31.0,0,1,26.0,2,2,3,3.0,3,3.0,1,4.0,0,3,1,0.0,3,24824.0
56.0,1,3,7.0,2,2,4,4.0,3,3.0,0,5.0,0,2,0,2.0,3,28917.0
39.0,1,3,14.0,3,1,3,5.0,1,3.0,3,2.0,0,1,1,1.0,2,22706.0
35.0,0,1,16.0,2,2,4,4.0,1,5.0,1,6.0,0,3,0,2.0,2,24024.0
38.0,1,1,7.0,1,0,3,4.0,3,3.0,3,6.0,0,5,1,2.0,3,26169.0
54.0,0,1,17.0,3,1,2,3.0,4,3.0,1,4.0,0,3,1,0.0,0,31032.0
37.0,1,2,15.0,2,2,4,5.0,0,5.0,1,2.0,0,1,0,2.0,1,21020.0
47.0,1,3,7.0,3,1,4,4.0,3,5.0,1,3.0,0,1,1,3.0,3,29131.0
42.0,1,1,8.0,3,2,2,3.0,4,5.0,1,1.0,0,3,1,0.0,0,32126.0
33.0,1,1,7.0,2,2,4,5.0,0,3.0,3,2.0,1,5,0,3.0,1,22408.0
53.0,1,1,9.0,3,2,2,3.0,4,3.0,1,4.0,1,5,1,0.0,0,32126.0
36.0,1,3,25.0,3,1,3,4.0,1,3.0,1,3.0,0,4,1,2.0,2,23279.0
44.0,1,3,32.0,3,2,4,5.0,3,3.0,1,7.0,0,4,1,2.0,3,29476.0
32.0,0,3,14.0,3,1,4,4.0,3,5.0,1,4.0,0,1,1,3.0,3,28315.0
34.0,0,3,8.0,3,1,3,3.0,0,3.0,0,7.0,0,5,1,2.0,1,17231.0
22.0,1,1,12.0,3,2,4,4.0,0,3.0,3,3.0,0,1,1,2.0,1,21795.0
40.0,1,1,13.0,3,2,3,5.0,3,5.0,1,6.0,0,4,1,1.0,3,28669.0
53.0,1,1,9.0,2,1,3,5.0,0,3.0,3,2.0,0,3,1,1.0,1,21890.0
39.0,1,3,7.0,2,0,3,5.0,1,3.0,3,6.0,0,2,1,2.0,2,27364.0
34.0,1,1,11.0,3,1,3,5.0,0,4.0,0,2.0,0,1,0,1.0,1,22516.0
57.0,1,3,35.0,3,2,2,4.0,4,3.0,1,4.0,0,3,0,0.0,0,29118.0
29.0,1,1,13.0,1,1,2,3.0,0,3.0,1,4.0,1,4,1,1.0,1,18339.0
43.0,1,1,9.0,2,2,4,5.0,1,3.0,3,5.0,0,2,0,2.0,2,25459.0
24.0,1,1,11.0,3,2,3,2.0,0,5.0,1,4.0,0,4,0,2.0,1,21497.0
41.0,0,3,31.0,2,1,4,2.0,4,4.0,2,6.0,1,3,1,3.0,0,31872.0
46.0,1,3,9.0,1,2,3,6.0,1,3.0,3,2.0,0,5,1,2.0,2,25310.0
48.0,1,3,22.0,2,1,3,3.0,1,3.0,1,1.0,0,4,1,0.0,2,21439.0
34.0,1,3,23.0,3,0,4,4.0,1,5.0,3,7.0,0,3,1,1.0,2,24002.0
34.0,0,3,17.0,3,2,3,5.0,1,3.0,3,5.0,0,3,1,2.0,2,23360.0
37.0,0,3,22.0,3,2,3,6.0,1,3.0,1,3.0,0,1,1,1.0,2,24084.0
34.0,1,1,8.0,3,2,3,1.0,0,3.0,1,1.0,1,1,0,1.0,1,17932.0
42.0,0,3,11.0,3,2,3,4.0,1,4.0,3,3.0,0,3,1,1.0,2,28033.0
51.0,1,3,15.0,3,2,3,4.0,0,4.0,1,2.0,0,1,0,2.0,1,22553.0
29.0,1,3,8.0,3,2,3,4.0,1,4.0,1,3.0,0,4,1,0.0,2,21644.0
33.0,1,1,6.0,2,1,2,4.0,1,3.0,3,1.0,0,4,1,1.0,2,21949.0
37.0,1,3,17.0,1,1,4,5.0,1,3.0,1,3.0,1,1,1,3.0,2,24351.0
47.0,0,3,33.0,2,1,3,1.0,1,3.0,3,5.0,1,4,1,2.0,2,21397.0
44.0,0,1,17.0,2,1,3,4.0,0,3.0,2,2.0,0,5,0,1.0,1,21133.0
50.0,1,1,34.0,3,2,3,2.0,0,3.0,0,2.0,1,2,1,2.0,1,18221.0
30.0,1,1,22.0,2,2,2,1.0,1,3.0,1,4.0,0,1,1,0.0,2,20294.0
42.0,1,1,29.0,2,1,2,3.0,4,3.0,2,3.0,0,3,0,0.0,0,30992.0
40.0,1,1,20.0,3,2,2,4.0,2,3.0,2,2.0,0,3,1,1.0,4,32126.0
45.0,1,3,8.0,1,2,2,5.0,1,3.0,3,1.0,0,5,1,1.0,2,21632.0
31.0,1,2,24.0,2,2,2,1.0,0,5.0,1,1.0,0,1,1,0.0,1,17956.0
32.0,0,1,7.0,2,2,3,6.0,1,5.0,1,3.0,0,1,1,2.0,2,23681.0
36.0,1,1,35.0,2,2,3,2.0,1,3.0,1,3.0,0,5,1,1.0,2,22085.0
26.0,1,1,6.0,2,1,2,4.0,0,3.0,1,2.0,1,4,0,0.0,1,17933.0
43.0,0,1,15.0,2,2,2,3.0,0,3.0,2,5.0,0,3,0,1.0,1,17438.0
49.0,1,1,11.0,2,2,3,4.0,3,3.0,3,3.0,0,5,1,2.0,3,26576.0
35.0,1,3,15.0,1,2,4,2.0,1,3.0,1,3.0,0,1,0,3.0,2,25477.0
35.0,0,3,13.0,3,1,3,6.0,0,3.0,1,2.0,0,4,1,2.0,1,21029.0
32.0,1,3,13.0,3,2,3,3.0,1,3.0,0,5.0,0,5,1,1.0,2,24204.0
50.0,1,1,32.0,2,1,3,4.0,0,5.0,1,3.0,0,3,0,1.0,1,21889.0
33.0,0,3,6.0,2,1,2,2.0,1,5.0,0,3.0,0,3,1,0.0,2,20376.0
50.0,1,3,5.0,3,2,2,3.0,2,3.0,1,5.0,1,5,0,1.0,4,32126.0
55.0,1,1,6.0,3,2,2,1.0,4,3.0,1,3.0,0,5,1,0.0,0,29732.0
32.0,0,1,9.0,2,2,4,4.0,0,3.0,0,7.0,1,3,1,2.0,1,22400.0
35.0,0,3,6.0,3,0,3,3.0,3,3.0,3,2.0,0,5,1,0.0,3,23789.0
29.0,1,3,9.0,3,1,3,3.0,1,3.0,1,2.0,0,1,0,0.0,2,20561.0
38.0,1,1,26.0,2,2,4,4.0,0,4.0,0,6.0,0,4,1,2.0,1,21700.0
40.0,1,3,6.0,3,2,2,5.0,1,3.0,0,3.0,1,3,1,0.0,2,22457.0
25.0,1,3,34.0,2,2,2,4.0,1,3.0,1,3.0,0,4,1,1.0,2,23639.0
21.0,1,1,24.0,2,1,3,3.0,0,3.0,2,2.0,0,3,1,1.0,1,17693.0
31.0,1,3,9.0,1,2,4,4.0,0,4.0,1,3.0,0,3,1,1.0,1,21154.0
31.0,1,2,16.0,2,2,3,4.0,1,3.0,1,2.0,1,3,1,2.0,2,25025.0
59.0,1,1,9.0,2,2,3,4.0,0,3.0,0,4.0,0,3,0,1.0,1,17177.0
38.0,1,1,9.0,0,2,4,5.0,0,3.0,2,7.0,1,3,0,1.0,1,20768.0
23.0,1,1,7.0,2,2,4,4.0,0,3.0,3,2.0,0,3,0,3.0,1,22053.0
49.0,1,3,14.0,1,2,2,4.0,4,4.0,0,7.0,0,4,1,0.0,0,28120.0
33.0,1,1,32.0,2,2,3,4.0,0,3.0,3,3.0,1,5,1,1.0,1,21473.0
41.0,1,1,15.0,2,1,4,4.0,1,5.0,1,4.0,1,1,0,1.0,2,25194.0
24.0,1,3,6.0,1,1,3,3.0,0,4.0,2,2.0,1,4,1,2.0,1,18202.0
59.0,1,3,17.0,3,2,3,4.0,4,3.0,2,2.0,0,3,1,2.0,0,32126.0
36.0,1,1,29.0,2,1,4,3.0,3,4.0,1,2.0,0,5,1,2.0,3,30674.0
31.0,0,1,21.0,3,2,3,3.0,0,3.0,0,2.0,0,4,1,2.0,1,17610.0
28.0,1,3,11.0,3,2,2,3.0,1,5.0,3,1.0,0,1,1,0.0,2,23463.0
56.0,1,3,17.0,3,1,2,4.0,1,5.0,1,5.0,0,5,0,1.0,2,20380.0
35.0,1,3,17.0,2,1,3,4.0,0,3.0,1,3.0,1,1,0,2.0,1,20898.0
28.0,1,1,14.0,2,1,3,3.0,0,3.0,2,2.0,0,4,1,1.0,1,18310.0
53.0,1,1,13.0,3,1,2,3.0,2,3.0,1,4.0,0,1,1,1.0,4,32126.0
22.0,1,1,8.0,1,2,3,3.0,0,3.0,0,1.0,0,5,1,2.0,1,17523.0
34.0,1,1,15.0,3,0,2,4.0,3,4.0,3,2.0,0,2,1,1.0,3,23621.0
42.0,0,3,18.0,2,2,2,3.0,4,5.0,2,1.0,1,5,1,1.0,0,28758.0
44.0,1,1,9.0,3,1,4,3.0,0,3.0,1,3.0,0,2,0,2.0,1,21323.0
30.0,1,3,11.0,2,1,2,3.0,3,3.0,1,3.0,0,4,1,1.0,3,24419.0
37.0,0,3,15.0,2,2,4,5.0,3,5.0,3,3.0,0,2,0,3.0,3,26265.0
44.0,1,3,16.0,3,0,3,6.0,1,3.0,3,2.0,0,1,0,1.0,2,24024.0
41.0,1,3,12.0,2,0,3,3.0,3,3.0,2,4.0,1,2,0,1.0,3,28591.0
38.0,0,1,7.0,3,1,2,4.0,3,3.0,1,4.0,1,3,0,1.0,3,32126.0
31.0,1,3,11.0,1,2,2,3.0,1,3.0,1,2.0,0,5,0,1.0,2,23346.0
34.0,1,1,15.0,2,2,4,4.0,1,3.0,3,4.0,1,3,0,3.0,2,25066.0
36.0,1,1,30.0,2,2,3,5.0,1,3.0,0,5.0,1,4,1,2.0,2,24594.0
28.0,1,1,9.0,3,1,3,3.0,3,4.0,1,1.0,0,4,0,0.0,3,22655.0
38.0,1,1,29.0,2,2,2,3.0,1,3.0,1,1.0,0,3,0,1.0,2,20745.0
29.0,1,3,10.0,3,1,4,4.0,0,4.0,1,3.0,0,1,1,1.0,1,21534.0
33.0,0,1,9.0,2,0,3,4.0,1,3.0,3,6.0,1,5,1,2.0,2,23676.0
46.0,1,3,9.0,2,2,4,4.0,1,4.0,1,2.0,0,5,1,3.0,2,23483.0
36.0,0,3,25.0,3,1,4,4.0,1,3.0,0,2.0,1,5,1,3.0,2,23292.0
27.0,0,1,18.0,3,2,3,4.0,1,5.0,1,3.0,1,3,1,1.0,2,23419.0
52.0,0,1,15.0,2,2,3,6.0,3,3.0,2,4.0,0,2,0,2.0,3,29328.0
31.0,1,1,17.0,3,0,4,4.0,3,3.0,3,2.0,0,4,0,1.0,3,28345.0
20.0,1,3,27.0,3,2,2,1.0,0,3.0,2,2.0,0,3,1,1.0,1,17678.0
28.0,1,1,23.0,1,1,3,4.0,0,4.0,1,2.0,0,1,1,1.0,1,21489.0
36.0,0,1,9.0,3,2,1,3.0,0,4.0,2,5.0,0,4,1,0.0,1,17088.0
46.0,1,1,14.0,3,1,3,4.0,0,3.0,0,6.0,1,3,1,1.0,1,23155.0
57.0,1,3,18.0,3,1,3,5.0,1,5.0,1,6.0,0,5,0,2.0,2,24058.0
24.0,1,1,23.0,2,2,3,4.0,0,4.0,0,2.0,0,3,1,1.0,1,17127.0
35.0,0,3,26.0,3,2,4,2.0,1,3.0,3,2.0,1,1,0,1.0,2,23982.0
32.0,0,1,6.0,2,2,3,3.0,0,3.0,1,1.0,0,5,0,0.0,1,17314.0
42.0,0,2,11.0,2,2,3,6.0,1,4.0,1,7.0,0,5,0,2.0,2,25108.0
33.0,1,1,6.0,2,2,3,4.0,0,5.0,2,4.0,1,4,1,1.0,1,17799.0
36.0,1,1,23.0,2,2,4,4.0,3,3.0,0,6.0,1,2,0,2.0,3,26310.0
32.0,0,1,10.0,3,2,3,4.0,0,5.0,1,3.0,1,1,0,1.0,1,21743.0
33.0,1,3,15.0,3,2,3,2.0,1,3.0,0,3.0,0,5,0,1.0,2,24887.0
40.0,0,1,9.0,1,1,4,4.0,3,3.0,2,2.0,0,2,1,2.0,3,29616.0
29.0,1,1,22.0,2,2,3,4.0,0,3.0,1,3.0,0,4,1,2.0,1,20885.0
42.0,1,3,20.0,3,1,3,4.0,1,3.0,2,1.0,0,3,0,0.0,2,21244.0
27.0,0,1,13.0,2,2,4,2.0,0,3.0,1,2.0,0,4,1,2.0,1,21222.0
45.0,1,3,15.0,3,2,3,3.0,3,5.0,1,5.0,1,2,1,0.0,3,25761.0
27.0,1,1,10.0,3,2,3,2.0,0,3.0,1,3.0,0,5,1,2.0,1,23098.0
23.0,0,1,11.0,1,2,3,5.0,0,3.0,3,7.0,0,5,1,1.0,1,22572.0
30.0,1,1,30.0,2,2,3,4.0,0,3.0,2,2.0,0,3,1,1.0,1,20879.0
56.0,1,1,15.0,3,2,2,3.0,4,3.0,0,1.0,0,4,0,0.0,0,26103.0
36.0,1,1,8.0,3,2,3,3.0,0,3.0,2,5.0,0,5,1,1.0,1,17519.0
30.0,1,3,12.0,3,2,3,5.0,1,4.0,1,3.0,1,5,0,1.0,2,22865.0
38.0,1,1,28.0,2,2,4,2.0,0,5.0,1,3.0,1,3,1,1.0,1,22242.0
32.0,1,3,6.0,3,1,2,3.0,3,3.0,1,2.0,0,5,1,0.0,3,25422.0
58.0,0,3,8.0,3,2,2,3.0,4,4.0,1,5.0,0,4,1,0.0,0,17705.0
59.0,1,1,9.0,3,1,2,1.0,0,5.0,1,5.0,1,1,0,1.0,1,17670.0
42.0,1,1,21.0,2,2,3,4.0,0,3.0,1,6.0,0,4,1,2.0,1,21129.0
39.0,1,1,22.0,2,2,4,5.0,3,3.0,1,2.0,1,5,1,2.0,3,30188.0
28.0,1,1,24.0,1,2,3,4.0,0,4.0,1,2.0,1,4,0,1.0,1,21736.0
34.0,0,1,11.0,1,2,3,4.0,1,4.0,1,7.0,0,1,0,1.0,2,21733.0
56.0,1,1,15.0,3,1,3,4.0,4,3.0,1,4.0,1,3,1,2.0,0,32126.0
50.0,1,1,7.0,1,1,3,4.0,0,5.0,1,4.0,0,4,0,1.0,1,22258.0
32.0,0,3,14.0,3,0,2,3.0,3,3.0,3,2.0,0,4,1,1.0,3,23998.0
55.0,1,1,8.0,3,2,2,4.0,2,5.0,1,1.0,0,5,0,1.0,4,32126.0
42.0,1,1,19.0,2,2,3,4.0,0,3.0,1,5.0,1,3,1,1.0,1,23444.0
36.0,1,3,8.0,2,2,3,3.0,0,3.0,2,4.0,1,3,0,0.0,1,17644.0
24.0,0,1,10.0,2,2,2,4.0,0,3.0,1,1.0,0,3,0,1.0,1,18162.0
34.0,1,3,13.0,1,2,2,3.0,0,3.0,1,1.0,1,1,0,1.0,1,17308.0
59.0,1,1,14.0,3,1,3,5.0,3,5.0,0,2.0,1,4,1,1.0,3,28686.0
28.0,1,1,6.0,2,2,3,4.0,0,3.0,1,2.0,0,4,0,1.0,1,16563.0
35.0,1,1,17.0,2,2,3,4.0,0,4.0,1,3.0,0,1,1,2.0,1,20686.0
31.0,0,1,9.0,1,0,4,5.0,0,5.0,3,2.0,0,3,0,2.0,1,23646.0
35.0,0,1,24.0,2,2,3,3.0,1,3.0,1,2.0,1,3,1,0.0,2,20689.0
57.0,1,1,31.0,2,2,4,4.0,0,3.0,2,3.0,0,3,0,1.0,1,21265.0
29.0,0,3,6.0,3,1,2,3.0,3,3.0,1,2.0,0,3,1,1.0,3,22918.0
40.0,1,1,20.0,3,2,2,4.0,2,3.0,2,2.0,0,3,1,1.0,4,32126.0
40.0,1,1,26.0,1,2,3,3.0,3,3.0,1,5.0,0,3,1,1.0,3,25322.0
45.0,1,1,36.0,2,2,3,4.0,1,3.0,3,3.0,0,5,1,2.0,2,23219.0
34.0,1,3,6.0,3,2,3,1.0,1,3.0,1,1.0,0,5,0,1.0,2,24725.0
55.0,1,3,9.0,2,1,3,5.0,3,3.0,0,7.0,0,5,1,1.0,3,29364.0
29.0,1,2,23.0,2,2,2,4.0,3,5.0,3,2.0,0,3,0,0.0,3,22988.0
27.0,0,1,18.0,3,2,3,4.0,1,5.0,0,3.0,1,3,1,2.0,2,23419.0
35.0,1,3,9.0,3,1,3,4.0,1,5.0,3,2.0,1,3,1,1.0,2,23216.0
29.0,1,1,16.0,3,2,4,4.0,0,3.0,1,3.0,0,1,1,1.0,1,20748.0
52.0,1,3,31.0,3,1,3,5.0,1,4.0,3,2.0,1,5,1,2.0,2,21516.0
51.0,1,3,27.0,3,2,3,3.0,1,3.0,2,1.0,1,5,0,2.0,2,20441.0
27.0,0,3,26.0,2,0,2,3.0,1,3.0,3,2.0,0,1,1,1.0,2,24981.0
29.0,1,1,6.0,2,1,2,4.0,0,5.0,0,2.0,1,2,0,0.0,1,17319.0
30.0,1,1,7.0,2,1,4,4.0,0,3.0,1,3.0,0,2,0,3.0,1,22438.0
28.0,1,3,16.0,3,2,3,3.0,0,4.0,1,2.0,0,5,0,2.0,1,16052.0
39.0,1,1,6.0,2,1,3,4.0,4,3.0,1,2.0,0,3,1,0.0,0,27742.0
29.0,1,2,15.0,3,2,4,5.0,0,3.0,1,3.0,0,1,1,1.0,1,23614.0
28.0,0,2,29.0,2,1,3,5.0,0,4.0,1,3.0,0,1,1,1.0,1,21541.0
35.0,0,1,9.0,2,2,3,5.0,1,3.0,1,3.0,0,4,0,2.0,2,28225.0
23.0,1,1,32.0,2,2,2,3.0,0,3.0,1,2.0,0,2,1,1.0,1,17904.0
20.0,1,1,16.0,3,2,2,3.0,0,3.0,2,2.0,1,5,1,1.0,1,16009.0
40.0,0,1,15.0,2,1,3,4.0,0,3.0,0,3.0,0,2,0,1.0,1,22433.0
39.0,1,3,17.0,3,2,4,5.0,3,3.0,1,2.0,1,3,1,2.0,3,27418.0
30.0,1,1,34.0,3,1,4,4.0,1,3.0,0,6.0,0,2,1,1.0,2,23013.0
24.0,1,1,24.0,2,2,2,3.0,0,3.0,1,1.0,0,4,0,0.0,1,17774.0
31.0,1,1,23.0,2,2,3,2.0,1,3.0,1,5.0,0,1,1,1.0,2,23972.0
32.0,0,1,10.0,2,1,3,4.0,0,3.0,3,3.0,0,4,1,2.0,1,22762.0
31.0,1,3,17.0,3,2,4,5.0,1,3.0,0,3.0,0,2,1,1.0,2,25256.0
36.0,1,3,6.0,2,1,3,3.0,1,3.0,3,7.0,0,1,1,1.0,2,21815.0
37.0,1,1,33.0,2,2,4,4.0,1,3.0,1,7.0,0,3,1,1.0,2,24025.0
43.0,1,1,24.0,2,0,3,3.0,1,5.0,3,5.0,1,2,0,1.0,2,25223.0
38.0,1,1,31.0,2,1,2,4.0,3,4.0,0,4.0,0,3,1,0.0,3,27061.0
30.0,1,1,16.0,2,2,4,2.0,0,3.0,1,7.0,0,5,1,1.0,1,21129.0
30.0,1,1,15.0,3,2,4,5.0,1,3.0,1,3.0,1,3,1,2.0,2,23734.0
59.0,1,1,30.0,3,1,4,4.0,3,3.0,0,3.0,0,3,1,1.0,3,28990.0
37.0,1,1,13.0,2,2,3,4.0,0,3.0,0,2.0,0,5,1,2.0,1,21888.0
33.0,0,1,22.0,3,1,3,4.0,1,3.0,1,7.0,0,3,0,2.0,2,25345.0
37.0,1,3,6.0,2,2,2,4.0,3,3.0,0,6.0,0,2,1,1.0,3,25609.0
45.0,1,1,27.0,2,2,3,4.0,0,4.0,3,3.0,0,5,1,2.0,1,22098.0
49.0,1,3,9.0,3,1,3,4.0,1,3.0,0,4.0,0,5,1,1.0,2,22729.0
39.0,0,1,9.0,3,1,4,5.0,0,4.0,1,6.0,0,3,0,1.0,1,21146.0
43.0,0,1,17.0,1,2,3,4.0,0,3.0,1,5.0,0,4,1,1.0,1,21614.0
39.0,0,1,8.0,2,2,2,3.0,4,3.0,1,1.0,0,3,1,0.0,0,27169.0
29.0,1,1,26.0,3,2,4,5.0,0,5.0,1,3.0,0,3,1,2.0,1,21874.0
40.0,1,1,8.0,3,1,2,4.0,0,3.0,2,1.0,1,3,1,1.0,1,17342.0
30.0,1,1,14.0,2,1,3,1.0,3,5.0,1,1.0,1,1,0,2.0,3,26416.0
34.0,1,1,8.0,2,2,2,4.0,1,5.0,0,7.0,0,4,0,1.0,2,20957.0
44.0,1,3,34.0,3,1,2,1.0,4,3.0,1,4.0,1,1,1,0.0,0,28320.0
41.0,1,1,26.0,3,2,3,4.0,1,3.0,0,2.0,1,2,1,2.0,2,21419.0
31.0,1,1,16.0,3,2,3,5.0,0,3.0,2,3.0,0,4,1,2.0,1,20884.0
43.0,1,1,12.0,2,2,2,4.0,4,3.0,1,5.0,1,3,1,0.0,0,31627.0
44.0,1,1,10.0,3,2,2,3.0,1,4.0,2,1.0,0,1,1,1.0,2,20933.0
33.0,1,1,14.0,2,2,4,4.0,1,3.0,0,3.0,0,3,1,2.0,2,23561.0
27.0,1,1,23.0,1,2,2,3.0,0,4.0,1,1.0,1,4,0,0.0,1,18058.0
26.0,0,1,6.0,3,1,3,4.0,0,3.0,1,2.0,0,1,0,0.0,1,17007.0
29.0,1,1,24.0,3,2,2,4.0,0,3.0,2,2.0,1,3,0,1.0,1,17389.0
32.0,1,3,36.0,3,1,4,5.0,1,3.0,1,3.0,0,3,1,1.0,2,24146.0
36.0,1,1,32.0,2,2,3,5.0,1,3.0,3,6.0,0,1,1,1.0,2,22359.0
47.0,0,3,33.0,2,1,3,1.0,1,3.0,3,5.0,1,4,0,1.0,2,21397.0
34.0,1,2,9.0,2,2,4,4.0,0,3.0,1,3.0,0,1,1,3.0,1,22278.0
30.0,1,1,8.0,3,1,2,4.0,1,3.0,3,6.0,1,2,1,1.0,2,21877.0
32.0,1,1,11.0,3,1,4,2.0,0,3.0,1,2.0,0,5,1,3.0,1,22656.0
45.0,0,1,6.0,3,2,2,3.0,1,3.0,2,5.0,0,1,1,1.0,2,20399.0
34.0,1,3,14.0,1,2,3,1.0,1,3.0,1,2.0,0,1,0,2.0,2,21799.0
25.0,1,1,31.0,3,2,3,4.0,0,4.0,3,2.0,0,5,1,1.0,1,22275.0
44.0,0,1,28.0,3,2,4,4.0,0,3.0,0,2.0,0,4,0,3.0,1,20936.0
29.0,1,1,27.0,2,1,2,1.0,3,5.0,1,2.0,0,5,1,1.0,3,24980.0
30.0,1,1,22.0,2,2,2,3.0,0,3.0,1,2.0,0,1,0,0.0,1,17862.0
29.0,1,2,15.0,3,2,4,5.0,0,3.0,1,3.0,0,2,0,2.0,1,23614.0
28.0,0,1,6.0,3,2,2,3.0,0,3.0,2,1.0,1,4,0,0.0,1,17154.0
41.0,1,2,16.0,2,2,3,4.0,2,3.0,1,4.0,0,1,1,1.0,4,32126.0
39.0,0,1,30.0,2,2,3,5.0,3,3.0,3,2.0,0,3,1,1.0,3,28204.0
28.0,1,3,9.0,3,1,3,3.0,0,4.0,1,2.0,0,1,1,0.0,1,17856.0
35.0,1,1,8.0,2,1,3,3.0,0,5.0,1,2.0,1,1,1,1.0,1,17074.0
36.0,0,1,11.0,2,2,3,4.0,1,3.0,3,3.0,1,1,1,2.0,2,22927.0
42.0,1,1,16.0,2,2,4,4.0,0,5.0,1,4.0,0,1,0,1.0,1,20916.0
34.0,1,1,6.0,2,2,2,3.0,0,3.0,0,2.0,0,3,1,0.0,1,17691.0
59.0,1,3,31.0,2,1,4,3.0,3,5.0,3,1.0,0,3,1,1.0,3,22637.0
47.0,0,1,7.0,3,2,3,5.0,3,5.0,0,4.0,1,2,1,2.0,3,29351.0
29.0,0,3,26.0,1,1,2,3.0,0,3.0,1,2.0,0,3,0,1.0,1,17157.0
45.0,1,1,7.0,2,2,4,2.0,1,5.0,1,4.0,0,3,1,3.0,2,23711.0
34.0,1,1,6.0,2,2,2,3.0,0,3.0,1,2.0,0,3,1,1.0,1,17691.0
32.0,1,1,16.0,2,2,3,4.0,3,4.0,1,3.0,0,3,0,1.0,3,29326.0
47.0,0,3,9.0,3,1,2,3.0,4,3.0,1,1.0,1,5,1,0.0,0,28770.0
30.0,1,1,28.0,2,1,3,3.0,3,5.0,1,3.0,0,5,1,2.0,3,28658.0
32.0,1,1,14.0,3,1,3,4.0,1,5.0,1,3.0,0,1,1,1.0,2,22984.0
29.0,1,1,15.0,3,1,2,3.0,0,3.0,1,1.0,0,5,1,1.0,1,17974.0
39.0,1,3,10.0,2,2,3,4.0,1,3.0,3,2.0,1,3,1,1.0,2,25539.0
33.0,1,1,9.0,2,2,4,4.0,0,4.0,2,3.0,0,3,1,2.0,1,20071.0
32.0,0,1,11.0,2,1,2,1.0,0,3.0,2,4.0,1,1,0,1.0,1,17432.0
39.0,1,3,9.0,2,1,3,4.0,1,5.0,1,5.0,0,4,0,2.0,2,25571.0
19.0,1,3,27.0,2,2,2,4.0,0,4.0,2,2.0,1,1,1,1.0,1,17121.0
32.0,1,1,8.0,3,1,3,3.0,0,4.0,1,2.0,0,4,0,1.0,1,17370.0
29.0,1,1,12.0,1,2,3,4.0,0,3.0,3,3.0,1,2,1,1.0,1,22119.0
24.0,0,3,19.0,2,1,3,3.0,0,4.0,0,2.0,0,1,0,0.0,1,17033.0
45.0,1,2,30.0,3,2,2,3.0,0,4.0,2,2.0,0,4,0,0.0,1,17177.0
37.0,1,1,13.0,3,2,3,4.0,1,4.0,1,7.0,0,4,0,2.0,2,23619.0
25.0,1,3,34.0,2,2,2,4.0,1,3.0,0,3.0,0,4,0,0.0,2,23639.0
37.0,0,1,17.0,2,2,2,3.0,3,3.0,1,2.0,1,3,1,1.0,3,27185.0
38.0,1,1,35.0,3,2,3,3.0,1,5.0,1,1.0,1,3,1,2.0,2,21673.0
40.0,1,2,9.0,2,1,3,5.0,1,3.0,1,2.0,0,3,1,1.0,2,23882.0
41.0,1,3,29.0,3,2,4,5.0,1,3.0,1,4.0,1,3,1,1.0,2,25058.0
54.0,1,1,11.0,3,2,2,3.0,2,5.0,0,5.0,0,4,1,0.0,4,32126.0
40.0,1,2,24.0,2,2,2,1.0,0,5.0,1,1.0,0,1,1,1.0,1,17387.0
27.0,1,1,11.0,1,2,2,4.0,3,3.0,1,2.0,1,3,1,1.0,3,27808.0
43.0,1,1,7.0,2,1,4,4.0,0,5.0,1,5.0,0,3,0,3.0,1,21254.0
31.0,1,3,12.0,3,2,3,1.0,1,3.0,1,5.0,0,5,1,1.0,2,20460.0
41.0,1,1,8.0,2,1,2,5.0,0,3.0,1,5.0,1,3,0,1.0,1,17778.0
36.0,0,3,6.0,2,2,4,4.0,3,5.0,1,3.0,0,4,0,1.0,3,27747.0
27.0,0,1,7.0,2,1,4,6.0,0,3.0,1,5.0,0,4,1,3.0,1,23042.0
32.0,1,1,15.0,2,1,4,4.0,1,3.0,3,3.0,0,5,1,3.0,2,23102.0
60.0,1,1,10.0,2,2,4,5.0,0,3.0,0,5.0,0,3,0,2.0,1,20855.0
35.0,1,3,22.0,3,2,3,3.0,3,4.0,1,1.0,0,1,1,1.0,3,23020.0
34.0,1,1,28.0,3,2,4,2.0,0,4.0,1,3.0,0,1,1,2.0,1,20706.0
37.0,1,1,12.0,3,2,2,2.0,1,5.0,1,5.0,1,3,1,1.0,2,20974.0
43.0,1,1,13.0,3,2,3,4.0,3,5.0,1,2.0,0,3,1,1.0,3,32026.0
38.0,1,3,6.0,2,2,2,4.0,0,5.0,2,5.0,0,3,0,1.0,1,17858.0
32.0,0,1,10.0,3,2,4,4.0,3,3.0,1,2.0,0,4,1,1.0,3,32126.0
32.0,0,3,14.0,3,0,2,3.0,3,3.0,3,2.0,0,4,1,1.0,3,23998.0
27.0,1,3,15.0,1,2,3,5.0,1,5.0,3,7.0,0,3,0,1.0,2,24004.0
41.0,1,3,9.0,3,1,3,4.0,1,4.0,1,2.0,0,1,0,1.0,2,24393.0
37.0,1,1,11.0,3,2,3,3.0,1,3.0,1,1.0,0,3,1,2.0,2,21347.0
32.0,1,3,14.0,1,2,4,2.0,1,3.0,1,6.0,0,1,1,2.0,2,25607.0
30.0,1,1,22.0,2,1,3,5.0,1,3.0,3,2.0,1,1,1,2.0,2,22871.0
45.0,0,3,7.0,3,1,4,4.0,1,3.0,0,2.0,0,4,1,2.0,2,23446.0
40.0,1,1,13.0,3,2,4,4.0,0,5.0,1,2.0,1,1,1,2.0,1,21082.0
44.0,1,1,29.0,3,2,3,3.0,0,5.0,2,1.0,0,3,0,2.0,1,32126.0
30.0,1,1,22.0,2,1,4,6.0,0,3.0,0,2.0,1,5,1,1.0,1,20846.0
35.0,1,1,13.0,2,1,3,4.0,1,3.0,3,3.0,0,3,1,1.0,2,23487.0
29.0,1,1,19.0,2,1,4,4.0,0,3.0,0,3.0,1,4,1,1.0,1,21193.0
32.0,1,1,31.0,2,2,2,3.0,0,3.0,2,2.0,1,5,1,0.0,1,17795.0
46.0,1,1,13.0,2,2,3,4.0,3,5.0,1,6.0,1,3,1,2.0,3,31923.0
38.0,1,1,17.0,3,1,4,4.0,0,5.0,1,7.0,0,1,1,3.0,1,22130.0
38.0,1,1,17.0,2,2,4,3.0,0,3.0,3,5.0,0,4,1,2.0,1,23358.0
46.0,1,3,6.0,2,2,2,1.0,4,5.0,2,2.0,0,4,1,1.0,0,32126.0
32.0,0,1,7.0,2,1,4,4.0,1,5.0,1,3.0,0,5,1,1.0,2,22826.0
30.0,0,1,9.0,2,2,3,4.0,1,3.0,1,3.0,0,3,0,1.0,2,27531.0
45.0,1,2,7.0,3,2,4,5.0,3,5.0,1,2.0,0,4,1,1.0,3,29160.0
35.0,1,1,6.0,2,1,3,5.0,0,3.0,1,2.0,0,3,0,1.0,1,17977.0
40.0,1,1,17.0,3,2,4,4.0,3,3.0,2,2.0,0,3,1,1.0,3,32126.0
45.0,0,1,24.0,2,2,4,6.0,0,3.0,2,4.0,0,4,1,2.0,1,20968.0
30.0,1,3,11.0,2,1,2,3.0,3,3.0,0,3.0,0,4,1,1.0,3,24419.0
35.0,1,1,22.0,3,2,2,1.0,0,4.0,1,1.0,0,4,1,1.0,1,17426.0
40.0,0,1,22.0,3,2,2,4.0,1,3.0,2,7.0,0,5,0,0.0,2,20094.0
41.0,0,1,23.0,3,2,3,5.0,1,3.0,3,7.0,0,5,0,1.0,2,23772.0
34.0,1,3,16.0,3,0,4,4.0,1,5.0,3,2.0,1,3,0,1.0,2,26902.0
36.0,0,1,24.0,2,2,3,3.0,1,3.0,3,3.0,0,3,1,0.0,2,22779.0
32.0,0,1,27.0,2,2,4,4.0,3,3.0,0,5.0,0,3,1,1.0,3,28502.0
32.0,1,1,8.0,3,1,3,3.0,0,4.0,0,2.0,0,4,0,0.0,1,17370.0
28.0,1,1,13.0,3,1,4,5.0,0,3.0,1,2.0,0,1,0,2.0,1,20865.0
23.0,1,1,9.0,1,2,4,4.0,0,3.0,1,2.0,0,5,1,1.0,1,21201.0
36.0,0,3,18.0,3,2,3,4.0,1,3.0,1,3.0,0,5,1,2.0,2,23646.0
24.0,1,3,9.0,1,2,4,4.0,0,5.0,1,5.0,0,3,1,2.0,1,21000.0
41.0,1,3,6.0,3,2,2,1.0,3,5.0,1,2.0,0,3,1,1.0,3,23392.0
48.0,0,1,36.0,2,2,3,4.0,3,4.0,1,3.0,1,3,1,1.0,3,30527.0
34.0,1,3,23.0,3,0,4,4.0,1,5.0,3,7.0,0,3,1,1.0,2,24002.0
52.0,1,1,11.0,2,2,3,4.0,0,3.0,0,2.0,1,2,1,2.0,1,21139.0
31.0,1,3,9.0,1,2,4,4.0,0,4.0,0,3.0,0,3,1,3.0,1,21154.0
41.0,0,3,16.0,2,2,2,3.0,1,3.0,2,1.0,0,1,0,1.0,2,21230.0
36.0,1,2,15.0,1,2,4,4.0,0,3.0,3,3.0,0,5,0,2.0,1,23001.0
59.0,1,3,6.0,1,2,3,3.0,3,3.0,0,4.0,1,2,0,1.0,3,26904.0
39.0,0,1,31.0,2,2,3,3.0,3,3.0,0,4.0,0,1,0,0.0,3,25920.0
47.0,0,1,35.0,2,2,2,3.0,3,4.0,1,2.0,1,3,1,0.0,3,26849.0
34.0,0,1,28.0,2,2,2,4.0,1,3.0,1,2.0,1,1,1,0.0,2,20747.0
34.0,1,1,15.0,2,2,2,3.0,3,3.0,1,1.0,0,5,1,1.0,3,23500.0
31.0,0,1,15.0,3,2,2,4.0,0,5.0,2,1.0,1,3,0,1.0,1,17321.0
45.0,0,1,30.0,3,2,4,4.0,1,4.0,1,6.0,0,3,0,2.0,2,20720.0
32.0,1,1,19.0,3,1,4,4.0,0,3.0,0,2.0,1,4,1,3.0,1,22607.0
41.0,1,1,9.0,2,2,3,5.0,0,3.0,3,4.0,0,5,0,2.0,1,21487.0
31.0,0,3,13.0,3,1,3,3.0,3,5.0,1,3.0,0,1,1,2.0,3,24637.0
34.0,1,3,12.0,3,1,3,4.0,0,3.0,3,3.0,1,2,1,1.0,1,21529.0
26.0,0,1,11.0,3,1,2,4.0,0,3.0,0,2.0,1,2,0,1.0,1,17366.0
30.0,1,1,34.0,3,1,3,3.0,1,3.0,0,2.0,0,3,0,2.0,2,20775.0
38.0,1,3,9.0,2,2,3,3.0,3,3.0,1,1.0,0,1,1,1.0,3,25609.0
36.0,1,1,33.0,3,2,3,3.0,1,3.0,1,7.0,0,3,0,0.0,2,20237.0
34.0,1,1,6.0,2,1,3,1.0,0,3.0,2,3.0,0,2,0,0.0,1,18280.0
41.0,1,3,17.0,3,2,4,5.0,3,4.0,1,4.0,0,4,1,2.0,3,28383.0
39.0,1,2,9.0,2,1,2,2.0,1,4.0,0,1.0,0,2,1,0.0,2,21389.0
44.0,1,1,13.0,3,1,2,4.0,3,3.0,0,4.0,0,4,1,0.0,3,25248.0
35.0,1,3,23.0,2,2,3,3.0,1,5.0,1,4.0,1,3,0,2.0,2,23966.0
43.0,0,1,15.0,3,2,3,3.0,1,3.0,1,4.0,1,3,1,0.0,2,20679.0
41.0,0,1,7.0,2,2,4,5.0,4,4.0,0,3.0,0,2,1,3.0,0,32126.0
61.0,1,3,23.0,3,2,3,4.0,1,5.0,3,2.0,0,4,1,2.0,2,24083.0
56.0,1,1,9.0,1,2,4,5.0,0,3.0,1,2.0,0,5,0,1.0,1,21340.0
34.0,1,1,7.0,2,0,3,5.0,1,3.0,3,2.0,0,4,0,1.0,2,25627.0
30.0,0,1,7.0,2,2,4,6.0,0,3.0,1,3.0,0,1,0,3.0,1,21398.0
28.0,1,1,16.0,3,1,5,4.0,0,4.0,2,3.0,0,3,0,2.0,1,20957.0
32.0,1,1,16.0,3,2,1,3.0,3,3.0,3,3.0,0,1,0,0.0,3,26244.0
56.0,1,1,29.0,2,2,3,3.0,4,4.0,0,5.0,1,4,1,2.0,0,28402.0
25.0,0,1,8.0,2,2,3,1.0,1,3.0,1,2.0,0,1,0,1.0,2,20206.0
43.0,0,3,21.0,2,2,2,4.0,1,3.0,0,4.0,0,5,0,1.0,2,21804.0
34.0,0,1,9.0,2,2,2,4.0,0,3.0,1,4.0,0,1,0,0.0,1,17979.0
31.0,0,3,19.0,2,2,4,5.0,0,5.0,1,3.0,0,5,1,3.0,1,20711.0
23.0,1,1,6.0,2,2,2,3.0,0,3.0,0,2.0,0,4,0,1.0,1,16223.0
42.0,0,1,25.0,3,2,2,1.0,0,3.0,1,7.0,1,3,0,0.0,1,17759.0
37.0,1,1,17.0,1,1,4,4.0,3,3.0,0,5.0,0,3,0,3.0,3,25772.0
35.0,1,1,6.0,2,1,2,1.0,0,3.0,2,4.0,0,3,0,0.0,1,17506.0
40.0,0,3,11.0,2,2,2,4.0,3,5.0,0,6.0,1,5,0,1.0,3,25475.0
53.0,1,1,13.0,1,2,4,4.0,1,5.0,1,5.0,1,4,1,2.0,2,24255.0
31.0,1,1,7.0,3,2,4,4.0,0,4.0,0,2.0,1,4,1,3.0,1,22257.0
24.0,1,1,11.0,3,2,3,3.0,0,5.0,0,4.0,0,4,0,2.0,1,21497.0
27.0,0,1,9.0,3,2,3,4.0,0,3.0,1,2.0,1,2,0,2.0,1,17566.0
37.0,1,1,16.0,3,2,3,5.0,1,4.0,1,4.0,1,4,0,2.0,2,27525.0
30.0,0,3,7.0,3,1,3,4.0,3,3.0,1,3.0,0,3,1,2.0,3,26596.0
45.0,1,3,8.0,3,1,3,5.0,2,4.0,2,3.0,1,5,0,2.0,4,32126.0
36.0,1,3,24.0,2,2,4,4.0,1,5.0,0,5.0,1,3,1,2.0,2,27644.0
34.0,1,1,6.0,2,1,2,4.0,0,4.0,0,6.0,0,1,1,1.0,1,18294.0
32.0,1,3,13.0,2,2,4,6.0,1,3.0,1,6.0,1,3,0,3.0,2,24850.0
36.0,1,3,14.0,2,1,3,4.0,1,3.0,1,3.0,1,4,1,2.0,2,23882.0
40.0,1,3,28.0,3,2,3,4.0,1,3.0,0,3.0,1,3,1,1.0,2,21380.0
31.0,1,1,13.0,2,2,2,3.0,1,3.0,1,4.0,0,3,1,0.0,2,20915.0
58.0,0,1,21.0,2,2,2,3.0,4,3.0,1,3.0,1,1,1,0.0,0,30787.0
36.0,0,3,7.0,3,0,4,4.0,3,3.0,3,3.0,0,5,1,1.0,3,27467.0
31.0,1,1,17.0,2,2,2,3.0,0,3.0,1,4.0,1,3,0,0.0,1,17356.0
36.0,1,1,7.0,3,1,3,5.0,1,3.0,0,2.0,0,1,1,2.0,2,24041.0
45.0,1,1,31.0,2,1,3,4.0,1,3.0,1,1.0,0,4,0,0.0,2,20906.0
28.0,1,1,21.0,2,2,3,4.0,0,5.0,1,3.0,1,4,1,1.0,1,20913.0
47.0,0,1,22.0,3,2,3,1.0,1,3.0,1,2.0,1,1,1,0.0,2,20067.0
27.0,1,1,13.0,3,1,2,4.0,1,5.0,3,1.0,0,3,1,0.0,2,21811.0
52.0,1,3,28.0,3,2,4,4.0,1,3.0,3,2.0,1,5,1,2.0,2,24119.0
28.0,1,1,14.0,3,0,3,5.0,1,5.0,3,2.0,0,3,1,1.0,2,25489.0
34.0,1,1,12.0,3,2,2,3.0,0,5.0,2,3.0,0,2,1,1.0,1,17960.0
47.0,0,3,12.0,3,2,4,4.0,1,3.0,3,6.0,1,5,1,2.0,2,24450.0
44.0,0,1,34.0,2,1,3,4.0,3,5.0,1,2.0,0,4,1,1.0,3,29498.0
29.0,0,1,6.0,2,2,3,5.0,0,3.0,1,2.0,0,1,0,2.0,1,17720.0
34.0,1,3,19.0,3,2,2,3.0,3,3.0,1,2.0,0,1,1,1.0,3,23628.0
37.0,1,1,21.0,2,2,4,4.0,1,3.0,1,2.0,1,5,1,1.0,2,25264.0
24.0,0,3,30.0,3,2,2,3.0,0,3.0,1,1.0,0,4,1,1.0,1,17400.0
54.0,1,2,25.0,3,2,2,3.0,3,4.0,1,3.0,0,3,1,1.0,3,25725.0
30.0,1,1,26.0,1,2,3,4.0,1,3.0,1,6.0,0,5,1,1.0,2,22940.0
46.0,1,3,9.0,2,2,4,4.0,1,4.0,0,2.0,0,5,1,1.0,2,23483.0
39.0,1,1,9.0,3,2,3,4.0,1,4.0,1,6.0,0,4,0,1.0,2,23533.0
55.0,1,1,14.0,3,1,4,4.0,1,3.0,1,6.0,0,3,1,2.0,2,25532.0
29.0,1,1,7.0,3,1,4,4.0,0,5.0,1,3.0,0,1,1,1.0,1,22269.0
43.0,0,1,28.0,3,1,3,4.0,1,3.0,1,4.0,0,2,0,1.0,2,23943.0
31.0,0,1,12.0,3,1,3,4.0,0,4.0,2,2.0,0,3,0,1.0,1,21100.0
29.0,1,3,33.0,3,1,2,3.0,3,3.0,1,2.0,0,3,0,0.0,3,22639.0
57.0,1,1,6.0,3,2,2,3.0,1,3.0,0,3.0,0,3,1,1.0,2,21755.0
34.0,1,1,9.0,2,2,3,4.0,0,3.0,2,2.0,0,3,0,2.0,1,21178.0
37.0,1,1,9.0,3,2,4,4.0,0,3.0,2,6.0,0,5,1,1.0,1,21197.0
43.0,1,3,31.0,3,2,3,4.0,3,3.0,1,6.0,0,4,1,1.0,3,25798.0
30.0,1,1,24.0,2,1,3,3.0,0,3.0,2,2.0,0,2,1,0.0,1,17632.0
34.0,1,3,27.0,2,2,3,2.0,1,3.0,2,2.0,0,3,1,0.0,2,20337.0
31.0,0,1,11.0,1,2,3,4.0,0,3.0,2,2.0,1,4,1,1.0,1,20963.0
27.0,1,3,16.0,3,1,3,4.0,1,3.0,0,2.0,1,3,1,2.0,2,20769.0
46.0,1,1,14.0,3,1,3,4.0,0,3.0,1,6.0,1,3,0,2.0,1,23155.0
31.0,0,1,30.0,1,1,1,3.0,1,3.0,2,3.0,0,1,1,0.0,2,20238.0
45.0,1,1,26.0,3,2,3,3.0,4,3.0,0,1.0,1,3,0,0.0,0,28496.0
27.0,1,1,8.0,1,2,2,3.0,0,4.0,1,2.0,0,4,1,1.0,1,17226.0
45.0,1,1,8.0,2,1,3,4.0,0,3.0,2,2.0,0,3,1,1.0,1,17274.0
38.0,0,3,26.0,3,2,3,4.0,3,4.0,3,3.0,1,5,0,1.0,3,26320.0
47.0,0,1,22.0,3,2,3,1.0,1,3.0,1,2.0,1,2,0,0.0,2,20067.0
33.0,1,1,9.0,1,2,4,4.0,0,5.0,2,3.0,0,1,1,2.0,1,21117.0
37.0,1,1,16.0,2,1,2,3.0,0,5.0,1,1.0,1,3,1,0.0,1,17782.0
34.0,1,1,8.0,2,2,3,4.0,0,3.0,1,4.0,0,5,1,2.0,1,17768.0
42.0,0,1,11.0,2,2,3,3.0,0,3.0,1,5.0,0,3,0,1.0,1,17093.0
56.0,1,1,13.0,1,2,3,3.0,0,3.0,1,1.0,0,4,1,2.0,1,17339.0
40.0,1,1,25.0,2,2,3,4.0,1,3.0,3,2.0,0,3,0,1.0,2,23212.0
30.0,1,1,22.0,2,2,3,4.0,0,3.0,2,3.0,0,3,0,1.0,1,21018.0
26.0,1,1,14.0,3,2,4,5.0,0,3.0,0,3.0,0,2,1,3.0,1,21567.0
29.0,1,1,31.0,3,2,3,4.0,0,4.0,1,3.0,1,1,0,1.0,1,21086.0
39.0,0,1,9.0,2,0,4,2.0,1,5.0,3,7.0,1,1,0,1.0,2,24658.0
44.0,1,1,9.0,2,2,2,3.0,2,3.0,0,5.0,1,2,1,0.0,4,32126.0
32.0,1,3,13.0,3,2,4,2.0,1,3.0,1,6.0,0,5,1,2.0,2,24138.0
37.0,0,3,10.0,3,2,2,3.0,0,3.0,1,5.0,0,4,1,0.0,1,17177.0
30.0,1,1,14.0,1,1,3,4.0,0,3.0,1,5.0,1,4,1,2.0,1,22017.0
32.0,1,3,23.0,3,2,4,4.0,3,3.0,1,4.0,0,5,1,1.0,3,26839.0
27.0,0,1,9.0,2,2,3,4.0,0,5.0,1,7.0,1,5,0,1.0,1,20720.0
27.0,1,1,11.0,2,1,2,3.0,0,4.0,2,2.0,1,3,0,1.0,1,17478.0
27.0,1,3,14.0,3,1,2,3.0,1,4.0,1,2.0,0,1,0,1.0,2,21214.0
35.0,1,1,7.0,2,2,3,4.0,0,3.0,0,3.0,0,3,1,1.0,1,21369.0
54.0,1,1,20.0,3,1,3,3.0,1,5.0,1,3.0,0,2,1,2.0,2,23128.0
35.0,1,1,27.0,1,1,3,2.0,0,3.0,0,2.0,0,1,1,1.0,1,21263.0
35.0,1,1,7.0,2,1,4,2.0,0,3.0,3,4.0,0,2,0,1.0,1,21958.0
35.0,1,1,7.0,2,2,3,4.0,0,3.0,1,3.0,0,3,1,2.0,1,21369.0
49.0,0,3,31.0,2,2,4,6.0,0,3.0,2,3.0,1,1,1,3.0,1,21237.0
49.0,1,1,9.0,1,2,4,2.0,0,4.0,2,7.0,0,2,0,3.0,1,21237.0
36.0,1,1,18.0,3,0,2,4.0,3,3.0,3,1.0,0,1,1,0.0,3,23858.0
54.0,1,1,6.0,3,1,2,3.0,4,3.0,2,7.0,0,4,1,1.0,0,32126.0
45.0,1,1,6.0,2,2,3,1.0,2,3.0,1,1.0,0,4,1,1.0,4,32126.0
29.0,1,1,31.0,1,1,3,4.0,0,4.0,0,6.0,0,3,0,2.0,1,17546.0
35.0,0,1,9.0,2,2,2,4.0,0,3.0,1,2.0,0,1,1,1.0,1,16281.0
36.0,1,3,8.0,3,2,3,4.0,3,3.0,0,2.0,0,2,1,0.0,3,22596.0
31.0,1,3,14.0,3,2,3,4.0,0,4.0,3,2.0,0,2,1,1.0,1,21661.0
40.0,1,1,16.0,2,1,2,2.0,0,3.0,0,4.0,1,3,0,1.0,1,17213.0
31.0,0,3,29.0,2,1,4,4.0,3,5.0,1,2.0,0,1,1,2.0,3,27090.0
37.0,1,1,17.0,2,2,3,4.0,3,5.0,1,2.0,1,5,1,2.0,3,26999.0
41.0,1,1,26.0,3,2,2,4.0,1,3.0,1,2.0,1,1,1,1.0,2,21419.0
37.0,1,3,9.0,2,2,2,3.0,3,3.0,3,3.0,0,3,0,0.0,3,22428.0
39.0,1,1,6.0,3,1,3,3.0,0,3.0,1,1.0,0,3,0,1.0,1,17232.0
31.0,1,3,22.0,3,2,3,3.0,3,3.0,1,3.0,0,5,1,0.0,3,23161.0
29.0,1,3,16.0,2,2,4,4.0,1,3.0,3,3.0,0,3,1,2.0,2,23931.0
58.0,1,3,36.0,3,2,3,5.0,4,3.0,1,5.0,0,3,1,1.0,0,32126.0
52.0,1,1,6.0,2,2,3,3.0,4,3.0,0,3.0,0,2,1,1.0,0,32099.0
34.0,0,1,7.0,2,1,3,2.0,1,4.0,1,3.0,1,3,1,1.0,2,24166.0
35.0,0,3,11.0,3,1,4,4.0,1,3.0,1,2.0,0,1,0,1.0,2,25216.0
38.0,0,2,8.0,2,2,3,3.0,0,4.0,1,6.0,0,3,1,2.0,1,17592.0
41.0,1,1,17.0,2,1,3,3.0,0,3.0,0,5.0,1,3,0,2.0,1,20891.0
21.0,1,1,7.0,2,1,3,5.0,0,4.0,3,3.0,0,4,1,1.0,1,21514.0
37.0,1,3,20.0,3,2,4,5.0,1,5.0,1,7.0,1,1,1,1.0,2,24812.0
52.0,1,1,7.0,2,2,4,4.0,0,3.0,1,3.0,0,4,1,1.0,1,21401.0
47.0,1,1,9.0,1,2,3,4.0,1,3.0,1,4.0,0,1,0,1.0,2,26057.0
35.0,1,3,7.0,3,2,4,2.0,1,3.0,1,2.0,0,5,0,2.0,2,28403.0
30.0,0,1,7.0,1,2,3,4.0,1,3.0,0,3.0,0,3,0,2.0,2,22997.0
55.0,1,3,9.0,2,1,3,5.0,3,3.0,1,7.0,0,5,1,2.0,3,29364.0
48.0,1,1,6.0,2,1,2,4.0,4,5.0,0,1.0,0,4,0,1.0,0,30402.0
47.0,1,3,8.0,2,1,3,4.0,0,3.0,2,2.0,1,2,1,0.0,1,18294.0
38.0,0,1,16.0,3,2,3,4.0,0,3.0,1,3.0,1,1,0,2.0,1,21004.0
34.0,1,1,13.0,2,0,2,3.0,3,4.0,3,1.0,0,5,0,0.0,3,26994.0
31.0,1,3,12.0,2,1,3,4.0,3,3.0,1,4.0,0,4,1,2.0,3,28097.0
25.0,0,1,18.0,2,1,4,2.0,1,3.0,1,2.0,0,5,0,2.0,2,22689.0
58.0,1,1,7.0,2,2,4,2.0,1,3.0,0,2.0,0,3,1,3.0,2,23578.0
41.0,1,3,15.0,2,2,3,3.0,3,3.0,1,4.0,1,1,0,1.0,3,23189.0
31.0,0,1,6.0,2,1,3,1.0,3,4.0,3,2.0,0,3,1,2.0,3,22446.0
40.0,1,1,31.0,3,2,3,4.0,0,4.0,1,3.0,1,1,0,1.0,1,22582.0
20.0,1,1,9.0,2,2,2,4.0,0,3.0,2,2.0,0,3,0,1.0,1,18033.0
37.0,1,1,6.0,2,1,2,3.0,0,3.0,2,2.0,0,2,1,1.0,1,17115.0
51.0,1,1,35.0,3,2,4,2.0,0,3.0,1,3.0,1,1,0,2.0,1,21899.0
47.0,1,1,31.0,3,2,2,3.0,3,3.0,3,3.0,0,3,1,0.0,3,23633.0
56.0,1,1,27.0,1,2,3,4.0,1,3.0,0,5.0,1,2,1,2.0,2,24093.0
48.0,1,3,11.0,2,1,3,4.0,1,3.0,3,3.0,1,3,1,2.0,2,22841.0
36.0,1,3,11.0,1,2,3,4.0,3,5.0,3,2.0,1,4,1,2.0,3,28260.0
32.0,0,1,27.0,2,2,4,4.0,3,3.0,1,5.0,0,3,1,1.0,3,28502.0
41.0,0,3,10.0,3,2,2,3.0,1,4.0,3,2.0,0,3,1,0.0,2,24355.0
37.0,1,1,12.0,2,2,4,4.0,1,4.0,3,2.0,0,2,0,3.0,2,24592.0
31.0,0,3,29.0,2,1,4,4.0,3,5.0,0,2.0,0,2,1,1.0,3,27090.0
28.0,0,1,10.0,3,2,3,4.0,0,3.0,0,3.0,0,2,1,1.0,1,20384.0
32.0,1,1,14.0,2,2,3,4.0,1,3.0,1,5.0,0,3,1,1.0,2,24593.0
60.0,1,3,32.0,2,0,3,4.0,3,5.0,3,2.0,0,3,1,1.0,3,26315.0
21.0,1,1,6.0,2,2,3,5.0,0,3.0,3,3.0,0,3,0,1.0,1,21711.0
42.0,1,1,19.0,1,1,3,4.0,2,3.0,0,3.0,0,4,1,1.0,4,32126.0
36.0,1,1,7.0,3,2,3,5.0,0,3.0,1,7.0,0,1,1,2.0,1,20936.0
33.0,0,1,13.0,2,2,2,3.0,1,3.0,1,2.0,0,5,1,1.0,2,20968.0
33.0,1,1,10.0,2,1,3,4.0,3,3.0,2,5.0,0,2,1,2.0,3,29837.0
38.0,1,3,16.0,2,1,3,3.0,1,3.0,1,2.0,0,4,0,2.0,2,20343.0
30.0,1,3,7.0,3,1,3,5.0,0,3.0,1,7.0,1,1,1,2.0,1,21478.0
36.0,0,3,6.0,3,1,2,3.0,1,3.0,3,5.0,0,1,1,1.0,2,21653.0
22.0,1,1,11.0,2,2,2,1.0,0,4.0,1,2.0,1,4,1,0.0,1,17328.0
32.0,1,1,31.0,3,0,4,5.0,1,5.0,3,3.0,0,5,0,3.0,2,25490.0
32.0,1,1,12.0,2,2,2,3.0,0,3.0,2,4.0,0,2,0,1.0,1,18038.0
35.0,0,3,30.0,3,2,4,4.0,1,3.0,3,2.0,0,5,1,2.0,2,23246.0
50.0,0,1,6.0,2,1,3,3.0,2,4.0,0,4.0,1,2,0,2.0,4,32126.0
41.0,1,2,6.0,2,2,2,4.0,2,3.0,1,2.0,0,1,1,1.0,4,32126.0
41.0,1,3,12.0,3,2,2,3.0,3,3.0,3,2.0,0,5,1,0.0,3,24241.0
42.0,1,1,29.0,2,1,2,3.0,4,3.0,2,3.0,0,3,0,0.0,0,30992.0
30.0,1,3,35.0,1,2,2,3.0,3,4.0,1,4.0,0,4,0,1.0,3,24250.0
24.0,0,3,8.0,2,1,3,4.0,0,4.0,2,3.0,1,5,1,2.0,1,19901.0
31.0,1,1,14.0,3,2,3,5.0,0,4.0,1,3.0,0,5,0,1.0,1,20819.0
31.0,0,3,10.0,3,1,4,4.0,0,3.0,3,3.0,1,5,1,2.0,1,23305.0
37.0,0,3,18.0,1,1,4,4.0,3,3.0,0,2.0,0,5,0,1.0,3,28416.0
56.0,1,1,6.0,2,1,2,3.0,0,5.0,0,3.0,0,5,1,1.0,1,17066.0
33.0,1,1,20.0,3,2,2,3.0,0,3.0,1,6.0,1,1,1,1.0,1,17436.0
49.0,1,1,24.0,2,2,2,4.0,2,3.0,1,2.0,1,3,1,0.0,4,32126.0
25.0,0,1,16.0,2,2,3,5.0,0,4.0,1,3.0,0,5,0,2.0,1,21372.0
34.0,1,1,13.0,2,0,2,3.0,3,4.0,3,1.0,0,3,1,0.0,3,26994.0
38.0,1,1,16.0,3,1,3,3.0,1,3.0,0,4.0,0,3,1,2.0,2,24824.0
50.0,1,1,34.0,3,2,3,1.0,0,3.0,1,2.0,1,1,0,1.0,1,18221.0
36.0,1,3,23.0,3,2,4,4.0,3,4.0,0,2.0,0,2,1,3.0,3,26698.0
34.0,0,1,8.0,2,2,2,4.0,1,3.0,0,2.0,0,4,0,0.0,2,24547.0
44.0,1,3,6.0,3,1,3,3.0,1,5.0,1,6.0,1,1,1,1.0,2,20454.0
29.0,1,1,15.0,2,2,3,1.0,0,3.0,1,7.0,0,5,1,0.0,1,17451.0
29.0,1,3,9.0,3,1,3,4.0,1,4.0,1,3.0,1,3,1,2.0,2,23457.0
30.0,1,3,34.0,3,1,3,4.0,3,3.0,1,3.0,0,3,0,1.0,3,26317.0
27.0,0,1,9.0,2,2,3,4.0,0,5.0,0,7.0,1,5,1,1.0,1,20720.0
25.0,1,3,25.0,3,2,2,4.0,0,4.0,0,2.0,1,2,0,0.0,1,17413.0
37.0,1,1,22.0,2,2,3,4.0,1,3.0,1,2.0,0,4,0,2.0,2,23512.0
26.0,1,2,26.0,3,1,3,3.0,0,4.0,1,1.0,1,3,0,1.0,1,17148.0
31.0,0,1,16.0,3,1,2,3.0,3,3.0,1,5.0,0,1,1,1.0,3,26031.0
37.0,1,3,22.0,3,2,3,4.0,1,3.0,1,5.0,0,5,1,0.0,2,21334.0
37.0,1,1,25.0,2,2,2,3.0,1,3.0,1,4.0,0,1,0,0.0,2,20768.0
37.0,0,3,15.0,3,2,3,3.0,3,4.0,1,2.0,0,2,1,0.0,3,23834.0
34.0,1,1,21.0,3,1,4,4.0,0,4.0,0,3.0,0,5,0,1.0,1,21434.0
22.0,1,1,12.0,3,2,3,3.0,0,3.0,1,1.0,0,1,1,1.0,1,17773.0
35.0,1,3,22.0,3,0,4,4.0,1,5.0,3,3.0,0,1,1,3.0,2,24803.0
34.0,0,1,13.0,2,2,3,5.0,1,3.0,2,2.0,1,5,1,0.0,2,21074.0
27.0,0,3,6.0,3,2,3,3.0,1,4.0,1,1.0,1,1,0,1.0,2,21349.0
53.0,0,3,36.5,2,2,3,4.0,0,3.0,1,4.0,0,1,1,2.0,1,22160.0
38.0,1,1,17.0,3,1,4,4.0,0,4.0,1,3.0,0,1,1,1.0,1,22614.0
25.0,0,1,9.0,1,1,3,4.0,0,3.0,3,3.0,1,3,1,2.0,1,22438.0
34.0,1,2,10.0,2,2,3,4.0,0,4.0,1,5.0,1,5,0,2.0,1,20955.0
30.0,1,1,23.0,3,1,3,3.0,3,5.0,0,2.0,1,4,0,2.0,3,26916.0
35.0,1,3,16.0,2,1,4,4.0,1,3.0,0,3.0,0,2,1,3.0,2,24392.0
45.0,1,1,22.0,3,1,4,4.0,3,3.0,0,3.0,0,3,0,2.0,3,26656.0
33.0,1,1,6.0,2,2,3,3.0,0,3.0,2,2.0,1,3,1,0.0,1,17686.0
32.0,1,1,8.0,1,2,2,4.0,1,5.0,2,5.0,0,4,0,1.0,2,17176.0
58.0,0,1,8.0,2,2,2,4.0,0,3.0,1,1.0,1,1,1,0.0,1,17380.0
19.0,1,1,15.0,2,2,2,3.0,0,5.0,2,2.0,0,3,0,0.0,1,17552.0
53.0,1,1,14.0,2,2,3,4.0,3,4.0,2,2.0,0,3,1,2.0,3,29123.0
30.0,0,1,10.0,1,2,2,3.0,0,3.0,2,7.0,1,4,1,1.0,1,17285.0
42.0,1,1,12.0,3,2,3,2.0,0,3.0,0,4.0,1,1,1,2.0,1,20805.0
33.0,1,1,21.0,3,2,2,3.0,3,3.0,0,1.0,1,5,0,0.0,3,28610.0
35.0,1,3,21.0,1,1,3,4.0,0,3.0,1,3.0,1,5,1,1.0,1,21257.0
52.0,1,3,21.0,2,1,3,4.0,1,3.0,0,6.0,0,3,0,2.0,2,23614.0
33.0,1,1,11.0,2,2,2,4.0,3,3.0,1,5.0,0,3,0,0.0,3,22119.0
30.0,0,3,9.0,2,2,3,4.0,1,3.0,3,3.0,0,1,0,2.0,2,23232.0
51.0,1,1,14.0,2,2,2,4.0,3,4.0,0,6.0,0,3,1,1.0,3,27490.0
19.0,0,3,10.0,3,1,4,4.0,0,3.0,2,3.0,1,5,0,2.0,1,20247.0
29.0,1,1,23.0,3,2,4,3.0,1,5.0,3,2.0,0,5,0,3.0,2,24339.0
30.0,1,1,34.0,3,1,3,3.0,1,3.0,1,2.0,0,3,1,2.0,2,20775.0
44.0,1,1,19.0,2,2,3,5.0,4,4.0,1,3.0,0,3,0,2.0,0,32126.0
35.0,0,1,9.0,2,2,3,5.0,1,3.0,0,3.0,0,4,0,1.0,2,28225.0
55.0,1,3,15.0,3,1,2,5.0,0,4.0,2,2.0,0,1,1,1.0,1,32126.0
49.0,1,1,13.0,2,2,4,5.0,1,3.0,3,4.0,0,2,0,1.0,2,22918.0
38.0,1,1,26.0,2,2,4,4.0,0,4.0,1,6.0,0,4,0,2.0,1,21700.0
26.0,1,1,30.0,1,2,3,5.0,0,3.0,2,2.0,1,3,0,1.0,1,17340.0
58.0,1,1,29.0,2,2,2,3.0,0,3.0,1,2.0,0,3,1,1.0,1,17372.0
33.0,0,3,33.0,3,2,4,4.0,1,3.0,1,2.0,0,4,1,2.0,2,23143.0
29.0,1,1,21.0,2,1,3,5.0,0,3.0,1,1.0,1,5,1,1.0,1,17168.0
28.0,0,1,9.0,3,2,3,4.0,0,3.0,2,4.0,0,3,0,2.0,1,21258.0
26.0,1,3,16.0,2,2,4,5.0,0,5.0,0,5.0,0,1,1,1.0,1,23078.0
28.0,1,1,27.0,3,2,2,3.0,0,3.0,0,2.0,0,2,0,0.0,1,17713.0
27.0,0,1,12.0,3,1,3,5.0,0,3.0,0,3.0,1,2,0,2.0,1,21044.0
29.0,0,1,31.0,1,2,4,5.0,3,5.0,3,3.0,0,1,1,2.0,3,27400.0
41.0,1,1,15.0,2,2,3,3.0,0,5.0,1,3.0,0,1,0,0.0,1,17238.0
27.0,1,1,14.0,3,1,3,5.0,3,5.0,1,2.0,1,4,1,2.0,3,21553.0
42.0,0,1,12.0,2,2,4,5.0,0,5.0,1,7.0,0,3,0,2.0,1,20785.0
40.0,1,1,30.0,3,2,4,4.0,0,5.0,3,2.0,0,3,0,3.0,1,22582.0
46.0,1,3,8.0,3,1,3,3.0,4,5.0,1,1.0,0,1,1,1.0,0,32048.0
51.0,1,1,17.0,1,0,2,4.0,4,4.0,3,4.0,0,1,0,1.0,0,28142.0
34.0,1,1,8.0,2,2,3,4.0,0,3.0,1,4.0,0,5,1,0.0,1,17768.0
30.0,1,3,27.0,3,2,3,4.0,1,3.0,1,4.0,0,2,1,2.0,2,25609.0
36.0,0,1,24.0,3,1,3,3.0,0,3.0,2,2.0,0,3,0,1.0,1,17153.0
51.0,0,1,6.0,3,1,1,4.0,3,5.0,3,4.0,0,1,1,0.0,3,22484.0
25.0,1,1,15.0,2,2,2,3.0,0,5.0,2,4.0,0,1,1,0.0,1,17096.0
35.0,1,1,12.0,3,1,3,5.0,3,5.0,2,4.0,0,2,0,1.0,3,30309.0
31.0,1,1,15.0,2,2,2,4.0,0,4.0,2,1.0,1,3,1,0.0,1,17657.0
19.0,1,1,9.0,3,1,3,3.0,0,4.0,2,2.0,0,3,1,2.0,1,16483.0
34.0,1,3,34.0,3,1,3,4.0,1,3.0,1,2.0,0,5,1,0.0,2,21712.0
32.0,1,3,15.0,2,2,3,4.0,3,3.0,1,3.0,0,3,1,1.0,3,29471.0
45.0,1,3,7.0,3,1,4,4.0,1,5.0,1,7.0,1,1,1,2.0,2,24132.0
41.0,0,1,23.0,2,2,4,4.0,0,3.0,1,2.0,0,3,1,3.0,1,22222.0
36.0,1,1,9.0,2,2,3,5.0,3,4.0,1,4.0,0,4,1,1.0,3,28952.0
24.0,0,1,13.0,2,1,2,3.0,0,3.0,1,2.0,1,4,0,0.0,1,17886.0
49.0,0,3,8.0,3,2,3,4.0,1,4.0,1,3.0,0,3,1,2.0,2,20390.0
26.0,1,3,12.0,3,2,3,5.0,1,3.0,3,3.0,1,3,1,1.0,2,24422.0
37.0,1,3,9.0,3,2,4,5.0,3,3.0,0,3.0,0,2,1,1.0,3,26274.0
27.0,0,1,15.0,3,2,2,3.0,0,4.0,1,7.0,0,3,1,1.0,1,17024.0
32.0,1,1,14.0,3,0,3,4.0,3,3.0,3,3.0,1,4,1,2.0,3,25821.0
44.0,1,1,15.0,2,1,3,4.0,1,4.0,1,6.0,0,3,1,1.0,2,23443.0
39.0,0,3,9.0,2,2,3,5.0,1,3.0,1,5.0,0,5,1,2.0,2,23927.0
42.0,1,1,8.0,3,1,2,4.0,0,5.0,1,1.0,1,4,1,0.0,1,17593.0
49.0,1,1,10.0,3,2,2,4.0,2,3.0,0,3.0,0,3,0,0.0,4,32126.0
33.0,1,1,8.0,2,2,2,3.0,0,3.0,2,1.0,0,3,0,1.0,1,17500.0
37.0,1,1,13.0,2,2,3,6.0,0,3.0,1,3.0,0,2,0,1.0,1,21419.0
36.0,1,1,9.0,2,1,4,4.0,0,5.0,1,3.0,1,1,1,2.0,1,20752.0
38.0,0,1,18.0,2,2,2,4.0,1,5.0,1,3.0,0,5,1,0.0,2,21288.0
40.0,1,3,10.0,3,1,3,4.0,1,3.0,1,6.0,1,4,1,2.0,2,23916.0
38.0,1,3,20.0,2,2,3,3.0,1,4.0,1,1.0,0,5,1,2.0,2,24924.0
53.0,1,1,13.0,3,1,2,3.0,2,3.0,1,4.0,0,2,1,0.0,4,32126.0
37.0,1,1,11.0,3,2,3,3.0,1,3.0,1,1.0,0,3,0,0.0,2,21347.0
27.0,0,1,9.0,3,2,2,3.0,0,3.0,0,2.0,0,2,1,0.0,1,16706.0
36.0,1,1,6.0,2,1,2,3.0,1,4.0,1,1.0,0,5,1,1.0,2,20228.0
28.0,1,3,17.0,3,1,4,5.0,1,3.0,0,3.0,1,3,1,3.0,2,24447.0
47.0,1,3,22.0,3,2,3,6.0,1,3.0,1,7.0,1,1,0,2.0,2,22101.0
33.0,0,1,14.0,2,2,4,2.0,0,4.0,1,3.0,0,1,0,2.0,1,21472.0
26.0,0,1,9.0,1,2,3,3.0,0,5.0,2,1.0,0,3,0,1.0,1,18102.0
28.0,0,1,12.0,2,1,3,4.0,0,3.0,2,2.0,1,1,1,2.0,1,21057.0
30.0,1,3,17.0,3,1,3,5.0,1,4.0,1,3.0,1,5,1,1.0,2,26946.0
46.0,0,3,13.0,3,0,3,5.0,3,3.0,3,7.0,0,4,1,1.0,3,27543.0
45.0,1,1,17.0,2,2,4,4.0,0,3.0,3,3.0,1,3,1,1.0,1,21614.0
29.0,1,3,33.0,2,2,3,5.0,1,5.0,0,3.0,0,4,1,1.0,2,23402.0
31.0,1,3,12.0,3,1,2,5.0,1,3.0,1,3.0,0,2,0,1.0,2,24796.0
34.0,1,1,9.0,2,1,3,4.0,0,5.0,0,2.0,0,3,1,1.0,1,21385.0
40.0,0,1,16.0,2,2,4,4.0,1,4.0,3,2.0,0,1,1,1.0,2,25460.0
45.0,1,1,34.0,1,2,3,3.0,0,3.0,1,5.0,0,3,1,2.0,1,17132.0
54.0,1,1,8.0,1,1,2,3.0,3,3.0,1,1.0,0,4,0,0.0,3,28549.0
27.0,0,3,26.0,2,0,2,3.0,1,3.0,3,2.0,0,2,1,1.0,2,24981.0
33.0,1,3,9.0,3,2,3,4.0,1,4.0,0,2.0,1,1,0,2.0,2,22756.0
20.0,1,1,16.0,3,2,2,3.0,0,3.0,2,2.0,1,5,0,0.0,1,16009.0
31.0,0,1,9.0,3,1,3,4.0,0,3.0,2,2.0,0,4,1,1.0,1,21242.0
27.0,0,1,14.0,3,2,4,4.0,0,3.0,2,3.0,0,4,1,3.0,1,21248.0
31.0,0,1,12.0,2,2,4,5.0,0,3.0,1,2.0,0,5,0,1.0,1,22439.0
49.0,1,1,13.0,2,2,2,3.0,3,4.0,1,4.0,0,4,0,1.0,3,25466.0
26.0,1,3,11.0,3,2,3,5.0,1,5.0,0,3.0,0,3,1,2.0,2,22934.0
32.0,1,3,20.0,3,2,3,4.0,1,5.0,1,4.0,0,1,0,2.0,2,22911.0
35.0,0,3,6.0,3,0,3,3.0,3,3.0,3,2.0,0,5,1,0.0,3,23789.0
52.0,1,1,12.0,1,2,3,3.0,1,5.0,1,4.0,1,4,1,2.0,2,20577.0
26.0,1,3,11.0,2,1,4,5.0,1,3.0,3,3.0,1,1,0,3.0,2,23165.0
40.0,1,3,28.0,2,2,3,5.0,1,3.0,0,5.0,1,1,0,2.0,2,24798.0
29.0,1,3,16.0,3,2,2,3.0,0,4.0,1,2.0,0,1,1,0.0,1,17297.0
31.0,0,3,6.0,2,1,2,3.0,0,4.0,2,2.0,1,5,1,1.0,1,17302.0
34.0,0,3,10.0,3,1,3,3.0,1,3.0,0,1.0,0,2,1,0.0,2,21538.0
42.0,0,1,16.0,1,2,2,3.0,0,3.0,1,4.0,0,4,1,0.0,1,17936.0
34.0,1,1,15.0,2,2,3,2.0,0,5.0,1,7.0,0,3,1,2.0,1,21821.0
31.0,0,1,30.0,2,2,4,6.0,0,3.0,1,3.0,0,3,0,1.0,1,21291.0
33.0,1,1,12.0,2,2,3,5.0,1,3.0,3,2.0,0,1,0,2.0,2,28357.0
42.0,1,3,15.0,3,1,3,4.0,1,4.0,1,7.0,0,3,1,2.0,2,23071.0
58.0,1,1,15.0,3,1,3,4.0,0,4.0,1,5.0,1,1,1,1.0,1,18346.0
42.0,1,1,8.0,2,2,3,4.0,1,3.0,3,4.0,0,2,0,1.0,2,21781.0
41.0,1,3,33.0,3,2,4,4.0,1,5.0,0,3.0,0,2,1,2.0,2,27074.0
49.0,1,1,10.0,3,2,2,4.0,2,3.0,1,3.0,0,3,0,1.0,4,32126.0
36.0,1,1,34.0,2,2,3,4.0,1,3.0,1,4.0,0,5,0,2.0,2,25561.0
58.0,1,3,27.0,2,1,3,3.0,4,3.0,1,5.0,1,5,1,0.0,0,32126.0
30.0,1,1,11.0,1,1,2,3.0,0,5.0,1,6.0,0,5,1,1.0,1,18204.0
23.0,1,1,15.0,3,2,2,3.0,0,5.0,1,2.0,0,3,1,0.0,1,17500.0
36.0,1,1,9.0,2,2,3,1.0,1,5.0,1,7.0,0,1,1,2.0,2,21842.0
25.0,1,1,25.0,2,2,3,4.0,0,3.0,0,2.0,0,4,1,1.0,1,21452.0
29.0,0,1,16.0,2,1,2,4.0,0,3.0,3,2.0,0,4,1,0.0,1,21623.0
45.0,1,1,12.0,2,2,2,3.0,3,5.0,0,5.0,1,3,0,0.0,3,28245.0
37.0,0,2,9.0,2,2,4,5.0,1,3.0,3,3.0,0,3,1,1.0,2,22564.0
36.0,0,1,9.0,2,1,4,4.0,1,5.0,1,4.0,0,4,1,3.0,2,23771.0
37.0,1,1,7.0,2,1,3,4.0,1,4.0,0,2.0,0,5,0,1.0,2,23906.0
48.0,1,1,16.0,2,1,4,4.0,0,3.0,2,6.0,0,3,1,1.0,1,20783.0
32.0,1,1,6.0,2,2,3,3.0,0,5.0,2,2.0,0,1,0,1.0,1,17956.0
32.0,0,1,17.0,3,1,3,4.0,3,3.0,1,6.0,0,1,1,2.0,3,29709.0
42.0,0,3,16.0,2,2,3,6.0,4,3.0,1,2.0,0,5,1,2.0,0,24829.0
42.0,0,1,25.0,3,2,2,2.0,0,3.0,1,7.0,1,3,1,1.0,1,17759.0
55.0,0,1,27.0,2,0,3,4.0,1,3.0,3,5.0,0,4,1,1.0,2,23547.0
48.0,1,3,35.0,3,1,3,3.0,3,3.0,0,4.0,0,4,0,0.0,3,27504.0
46.0,1,3,9.0,3,2,2,3.0,4,3.0,1,4.0,0,1,1,0.0,0,32126.0
